batch_id,tile_id,print_id,saturated,latency_ms,timestamp
4,4,SI266220200309225433,668,23,2025-06-27T14:34:46.241562942Z
5,5,SI266220200309225433,0,24,2025-06-27T14:34:46.242235302Z
1,1,SI266220200309225433,0,22,2025-06-27T14:34:46.239726160Z
7,7,SI266220200309225433,4555,15,2025-06-27T14:34:46.243374235Z
0,0,SI266220200309225433,0,26,2025-06-27T14:34:46.238448114Z
3,3,SI266220200309225433,5639,40,2025-06-27T14:34:46.240938732Z
6,6,SI266220200309225433,0,16,2025-06-27T14:34:46.242927056Z
14,14,SI266220200309225433,0,57,2025-06-27T14:34:46.249843005Z
2,2,SI266220200309225433,0,25,2025-06-27T14:34:46.240385840Z
12,12,SI266220200309225433,5,47,2025-06-27T14:34:46.248740686Z
10,10,SI266220200309225433,787,66,2025-06-27T14:34:46.247917942Z
8,8,SI266220200309225433,0,52,2025-06-27T14:34:46.246077970Z
18,2,SI266220200309225433,0,77,2025-06-27T14:34:46.251737837Z
9,9,SI266220200309225433,1712,45,2025-06-27T14:34:46.247061596Z
15,15,SI266220200309225433,0,61,2025-06-27T14:34:46.250246992Z
20,4,SI266220200309225433,0,46,2025-06-27T14:34:46.282116393Z
13,13,SI266220200309225433,0,59,2025-06-27T14:34:46.249268908Z
11,11,SI266220200309225433,0,105,2025-06-27T14:34:46.248370520Z
23,7,SI266220200309225433,298,78,2025-06-27T14:34:46.297569082Z
19,3,SI266220200309225433,348,110,2025-06-27T14:34:46.281192182Z
17,1,SI266220200309225433,0,117,2025-06-27T14:34:46.251206502Z
22,6,SI266220200309225433,0,60,2025-06-27T14:34:46.296253775Z
25,9,SI266220200309225433,0,105,2025-06-27T14:34:46.300190634Z
27,11,SI266220200309225433,0,106,2025-06-27T14:34:46.318357408Z
33,1,SI266220200309225433,0,91,2025-06-27T14:34:46.366247855Z
16,0,SI266220200309225433,0,200,2025-06-27T14:34:46.250672870Z
21,5,SI266220200309225433,0,168,2025-06-27T14:34:46.288041357Z
28,12,SI266220200309225433,0,115,2025-06-27T14:34:46.319141942Z
29,13,SI266220200309225433,0,126,2025-06-27T14:34:46.343783612Z
26,10,SI266220200309225433,0,175,2025-06-27T14:34:46.301706191Z
31,15,SI266220200309225433,0,92,2025-06-27T14:34:46.364724920Z
30,14,SI266220200309225433,0,91,2025-06-27T14:34:46.363685852Z
39,7,SI266220200309225433,113,26,2025-06-27T14:34:46.466799401Z
35,3,SI266220200309225433,1253,13,2025-06-27T14:34:46.445554252Z
38,6,SI266220200309225433,0,47,2025-06-27T14:34:46.449159547Z
24,8,SI266220200309225433,0,164,2025-06-27T14:34:46.298663132Z
36,4,SI266220200309225433,0,43,2025-06-27T14:34:46.446975485Z
34,2,SI266220200309225433,0,87,2025-06-27T14:34:46.399100430Z
41,9,SI266220200309225433,0,32,2025-06-27T14:34:46.469577355Z
44,12,SI266220200309225433,0,74,2025-06-27T14:34:46.481510899Z
37,5,SI266220200309225433,0,108,2025-06-27T14:34:46.448098363Z
43,11,SI266220200309225433,0,82,2025-06-27T14:34:46.472550938Z
46,14,SI266220200309225433,0,113,2025-06-27T14:34:46.484653355Z
32,0,SI266220200309225433,0,193,2025-06-27T14:34:46.365462862Z
42,10,SI266220200309225433,0,124,2025-06-27T14:34:46.471452557Z
49,1,SI266220200309225433,0,82,2025-06-27T14:34:46.487811906Z
52,4,SI266220200309225433,0,106,2025-06-27T14:34:46.551645596Z
45,13,SI266220200309225433,0,111,2025-06-27T14:34:46.483573698Z
47,15,SI266220200309225433,0,182,2025-06-27T14:34:46.485595482Z
51,3,SI266220200309225433,6667,113,2025-06-27T14:34:46.550719357Z
54,6,SI266220200309225433,0,100,2025-06-27T14:34:46.559840102Z
40,8,SI266220200309225433,0,202,2025-06-27T14:34:46.467969895Z
50,2,SI266220200309225433,77,221,2025-06-27T14:34:46.501985457Z
60,12,SI266220200309225433,0,95,2025-06-27T14:34:46.663085822Z
59,11,SI266220200309225433,0,168,2025-06-27T14:34:46.592758475Z
57,9,SI266220200309225433,358,200,2025-06-27T14:34:46.590701891Z
53,5,SI266220200309225433,129,318,2025-06-27T14:34:46.552903716Z
58,10,SI266220200309225433,4,279,2025-06-27T14:34:46.591852475Z
55,7,SI266220200309225433,2895,282,2025-06-27T14:34:46.588684296Z
67,3,SI266220200309225433,268,34,2025-06-27T14:34:46.858914841Z
62,14,SI266220200309225433,0,184,2025-06-27T14:34:46.685181324Z
70,6,SI266220200309225433,0,46,2025-06-27T14:34:46.862663281Z
48,0,SI266220200309225433,0,379,2025-06-27T14:34:46.486516654Z
56,8,SI266220200309225433,0,345,2025-06-27T14:34:46.589669586Z
65,1,SI266220200309225433,0,157,2025-06-27T14:34:46.716729299Z
68,4,SI266220200309225433,0,35,2025-06-27T14:34:46.860087592Z
66,2,SI266220200309225433,0,108,2025-06-27T14:34:46.780367459Z
73,9,SI266220200309225433,0,59,2025-06-27T14:34:46.881455300Z
76,12,SI266220200309225433,0,71,2025-06-27T14:34:46.884481306Z
61,13,SI266220200309225433,0,226,2025-06-27T14:34:46.663823419Z
63,15,SI266220200309225433,0,221,2025-06-27T14:34:46.715243708Z
75,11,SI266220200309225433,0,74,2025-06-27T14:34:46.883709054Z
81,1,SI266220200309225433,0,85,2025-06-27T14:34:46.929903271Z
71,7,SI266220200309225433,91,135,2025-06-27T14:34:46.879055744Z
64,0,SI266220200309225433,0,404,2025-06-27T14:34:46.716162770Z
74,10,SI266220200309225433,0,242,2025-06-27T14:34:46.882757588Z
72,8,SI266220200309225433,0,253,2025-06-27T14:34:46.880071396Z
69,5,SI266220200309225433,0,267,2025-06-27T14:34:46.861467113Z
79,15,SI266220200309225433,0,201,2025-06-27T14:34:46.899983779Z
78,14,SI266220200309225433,0,225,2025-06-27T14:34:46.899102216Z
84,4,SI266220200309225433,0,25,2025-06-27T14:34:47.116258972Z
82,2,SI266220200309225433,0,205,2025-06-27T14:34:46.930783732Z
83,3,SI266220200309225433,396,33,2025-06-27T14:34:47.115718966Z
92,12,SI266220200309225433,0,23,2025-06-27T14:34:47.134181640Z
77,13,SI266220200309225433,0,257,2025-06-27T14:34:46.885848519Z
87,7,SI266220200309225433,727,12,2025-06-27T14:34:47.131273430Z
91,11,SI266220200309225433,0,37,2025-06-27T14:34:47.133704463Z
86,6,SI266220200309225433,0,27,2025-06-27T14:34:47.117477527Z
89,9,SI266220200309225433,0,23,2025-06-27T14:34:47.132363117Z
97,1,SI266220200309225433,0,67,2025-06-27T14:34:47.146454063Z
95,15,SI266220200309225433,0,73,2025-06-27T14:34:47.136597981Z
90,10,SI266220200309225433,0,218,2025-06-27T14:34:47.133109622Z
80,0,SI266220200309225433,0,420,2025-06-27T14:34:46.929110202Z
85,5,SI266220200309225433,0,238,2025-06-27T14:34:47.116938500Z
94,14,SI266220200309225433,0,216,2025-06-27T14:34:47.135283331Z
100,4,SI266220200309225433,0,11,2025-06-27T14:34:47.344882417Z
93,13,SI266220200309225433,0,232,2025-06-27T14:34:47.134788320Z
103,7,SI266220200309225433,3084,13,2025-06-27T14:34:47.361576638Z
99,3,SI266220200309225433,7571,10,2025-06-27T14:34:47.344159202Z
102,6,SI266220200309225433,0,27,2025-06-27T14:34:47.348913773Z
88,8,SI266220200309225433,0,227,2025-06-27T14:34:47.131802294Z
98,2,SI266220200309225433,0,214,2025-06-27T14:34:47.148521616Z
105,9,SI266220200309225433,6,14,2025-06-27T14:34:47.363316930Z
108,12,SI266220200309225433,0,84,2025-06-27T14:34:47.365151942Z
101,5,SI266220200309225433,0,102,2025-06-27T14:34:47.345854515Z
106,10,SI266220200309225433,0,88,2025-06-27T14:34:47.364251385Z
96,0,SI266220200309225433,0,313,2025-06-27T14:34:47.137540072Z
110,14,SI266220200309225433,0,84,2025-06-27T14:34:47.366134032Z
111,15,SI266220200309225433,0,88,2025-06-27T14:34:47.366552141Z
113,1,SI266220200309225433,0,89,2025-06-27T14:34:47.367927842Z
116,4,SI266220200309225433,0,16,2025-06-27T14:34:47.442263673Z
107,11,SI266220200309225433,0,90,2025-06-27T14:34:47.364749856Z
109,13,SI266220200309225433,0,94,2025-06-27T14:34:47.365667764Z
119,7,SI266220200309225433,0,24,2025-06-27T14:34:47.444404966Z
118,6,SI266220200309225433,0,23,2025-06-27T14:34:47.443501335Z
115,3,SI266220200309225433,1583,41,2025-06-27T14:34:47.441562773Z
104,8,SI266220200309225433,0,103,2025-06-27T14:34:47.362525758Z
114,2,SI266220200309225433,0,101,2025-06-27T14:34:47.368794863Z
121,9,SI266220200309225433,0,80,2025-06-27T14:34:47.453527586Z
124,12,SI266220200309225433,0,100,2025-06-27T14:34:47.457571408Z
117,5,SI266220200309225433,0,133,2025-06-27T14:34:47.442936944Z
127,15,SI266220200309225433,0,96,2025-06-27T14:34:47.463061375Z
126,14,SI266220200309225433,0,146,2025-06-27T14:34:47.461841690Z
123,11,SI266220200309225433,0,116,2025-06-27T14:34:47.456636546Z
112,0,SI266220200309225433,0,237,2025-06-27T14:34:47.367063641Z
122,10,SI266220200309225433,0,151,2025-06-27T14:34:47.455325569Z
129,1,SI266220200309225433,0,159,2025-06-27T14:34:47.465100234Z
120,8,SI266220200309225433,0,222,2025-06-27T14:34:47.444934007Z
125,13,SI266220200309225433,0,146,2025-06-27T14:34:47.460393540Z
132,4,SI266220200309225433,0,87,2025-06-27T14:34:47.568852173Z
133,5,SI266220200309225433,0,112,2025-06-27T14:34:47.570944056Z
130,2,SI266220200309225433,0,138,2025-06-27T14:34:47.527886896Z
134,6,SI266220200309225433,0,57,2025-06-27T14:34:47.599903887Z
135,7,SI266220200309225433,918,58,2025-06-27T14:34:47.600807947Z
131,3,SI266220200309225433,2418,95,2025-06-27T14:34:47.568192395Z
142,14,SI266220200309225433,0,32,2025-06-27T14:34:47.664022940Z
139,11,SI266220200309225433,0,37,2025-06-27T14:34:47.662136885Z
128,0,SI266220200309225433,0,216,2025-06-27T14:34:47.464098773Z
138,10,SI266220200309225433,26,27,2025-06-27T14:34:47.661457533Z
140,12,SI266220200309225433,0,23,2025-06-27T14:34:47.662770786Z
146,2,SI266220200309225433,0,69,2025-06-27T14:34:47.677892920Z
137,9,SI266220200309225433,0,111,2025-06-27T14:34:47.602293075Z
147,3,SI266220200309225433,832,72,2025-06-27T14:34:47.678663034Z
148,4,SI266220200309225433,0,73,2025-06-27T14:34:47.679392019Z
141,13,SI266220200309225433,0,30,2025-06-27T14:34:47.663381367Z
143,15,SI266220200309225433,0,68,2025-06-27T14:34:47.675752773Z
150,6,SI266220200309225433,0,68,2025-06-27T14:34:47.689539958Z
155,11,SI266220200309225433,0,34,2025-06-27T14:34:47.740370138Z
136,8,SI266220200309225433,0,145,2025-06-27T14:34:47.601486484Z
144,0,SI266220200309225433,0,156,2025-06-27T14:34:47.676363168Z
156,12,SI266220200309225433,0,90,2025-06-27T14:34:47.741183439Z
154,10,SI266220200309225433,26,91,2025-06-27T14:34:47.739484739Z
145,1,SI266220200309225433,0,121,2025-06-27T14:34:47.677112237Z
151,7,SI266220200309225433,265,111,2025-06-27T14:34:47.690503528Z
149,5,SI266220200309225433,0,142,2025-06-27T14:34:47.688296532Z
153,9,SI266220200309225433,6,121,2025-06-27T14:34:47.738870145Z
164,4,SI266220200309225433,0,31,2025-06-27T14:34:47.824938102Z
157,13,SI266220200309225433,0,103,2025-06-27T14:34:47.761325565Z
159,15,SI266220200309225433,0,38,2025-06-27T14:34:47.822543108Z
158,14,SI266220200309225433,0,63,2025-06-27T14:34:47.793037449Z
163,3,SI266220200309225433,986,34,2025-06-27T14:34:47.824466994Z
152,8,SI266220200309225433,0,173,2025-06-27T14:34:47.691137308Z
162,2,SI266220200309225433,0,37,2025-06-27T14:34:47.824159189Z
165,5,SI266220200309225433,0,111,2025-06-27T14:34:47.833307682Z
170,10,SI266220200309225433,0,89,2025-06-27T14:34:47.854746265Z
172,12,SI266220200309225433,0,93,2025-06-27T14:34:47.856822964Z
161,1,SI266220200309225433,0,113,2025-06-27T14:34:47.823705201Z
180,4,SI266220200309225433,0,27,2025-06-27T14:34:47.936436400Z
173,13,SI266220200309225433,0,101,2025-06-27T14:34:47.857786102Z
167,7,SI266220200309225433,72,122,2025-06-27T14:34:47.853311944Z
166,6,SI266220200309225433,0,89,2025-06-27T14:34:47.851909974Z
169,9,SI266220200309225433,7,147,2025-06-27T14:34:47.854257224Z
171,11,SI266220200309225433,0,103,2025-06-27T14:34:47.855843938Z
160,0,SI266220200309225433,0,155,2025-06-27T14:34:47.823118476Z
168,8,SI266220200309225433,0,176,2025-06-27T14:34:47.853758906Z
178,2,SI266220200309225433,0,28,2025-06-27T14:34:47.934985826Z
177,1,SI266220200309225433,0,94,2025-06-27T14:34:47.934154820Z
174,14,SI266220200309225433,0,132,2025-06-27T14:34:47.931524375Z
179,3,SI266220200309225433,3055,109,2025-06-27T14:34:47.935759106Z
181,5,SI266220200309225433,0,108,2025-06-27T14:34:47.952009411Z
188,12,SI266220200309225433,0,12,2025-06-27T14:34:48.061275692Z
189,13,SI266220200309225433,0,21,2025-06-27T14:34:48.061926018Z
175,15,SI266220200309225433,0,95,2025-06-27T14:34:47.932581489Z
182,6,SI266220200309225433,0,120,2025-06-27T14:34:47.955781325Z
187,11,SI266220200309225433,0,15,2025-06-27T14:34:48.060602869Z
176,0,SI266220200309225433,0,187,2025-06-27T14:34:47.933322831Z
186,10,SI266220200309225433,1,19,2025-06-27T14:34:48.059752549Z
194,2,SI266220200309225433,0,93,2025-06-27T14:34:48.066290885Z
185,9,SI266220200309225433,0,64,2025-06-27T14:34:48.058814185Z
196,4,SI266220200309225433,0,93,2025-06-27T14:34:48.067793785Z
197,5,SI266220200309225433,0,82,2025-06-27T14:34:48.075698638Z
190,14,SI266220200309225433,0,116,2025-06-27T14:34:48.062667381Z
183,7,SI266220200309225433,1080,65,2025-06-27T14:34:48.057384678Z
198,6,SI266220200309225433,0,112,2025-06-27T14:34:48.076854367Z
195,3,SI266220200309225433,1397,89,2025-06-27T14:34:48.067034908Z
184,8,SI266220200309225433,0,162,2025-06-27T14:34:48.058021519Z
193,1,SI266220200309225433,0,117,2025-06-27T14:34:48.064515726Z
204,12,SI266220200309225433,0,15,2025-06-27T14:34:48.214046641Z
203,11,SI266220200309225433,0,25,2025-06-27T14:34:48.213362081Z
202,10,SI266220200309225433,0,15,2025-06-27T14:34:48.212114603Z
205,13,SI266220200309225433,0,15,2025-06-27T14:34:48.214712784Z
201,9,SI266220200309225433,19,68,2025-06-27T14:34:48.170815202Z
212,4,SI266220200309225433,0,37,2025-06-27T14:34:48.218805953Z
206,14,SI266220200309225433,0,26,2025-06-27T14:34:48.215239273Z
213,5,SI266220200309225433,0,40,2025-06-27T14:34:48.220917849Z
191,15,SI266220200309225433,0,157,2025-06-27T14:34:48.063176308Z
214,6,SI266220200309225433,0,61,2025-06-27T14:34:48.223094578Z
211,3,SI266220200309225433,1558,40,2025-06-27T14:34:48.216999783Z
192,0,SI266220200309225433,0,196,2025-06-27T14:34:48.063840652Z
210,2,SI266220200309225433,0,44,2025-06-27T14:34:48.216592663Z
209,1,SI266220200309225433,0,153,2025-06-27T14:34:48.216215777Z
200,8,SI266220200309225433,0,282,2025-06-27T14:34:48.118481204Z
219,11,SI266220200309225433,0,14,2025-06-27T14:34:48.396666334Z
208,0,SI266220200309225433,0,193,2025-06-27T14:34:48.215882348Z
220,12,SI266220200309225433,0,12,2025-06-27T14:34:48.396940298Z
218,10,SI266220200309225433,85,13,2025-06-27T14:34:48.396309660Z
221,13,SI266220200309225433,0,13,2025-06-27T14:34:48.397265553Z
222,14,SI266220200309225433,0,16,2025-06-27T14:34:48.397566029Z
217,9,SI266220200309225433,15,11,2025-06-27T14:34:48.395736040Z
226,2,SI266220200309225433,0,60,2025-06-27T14:34:48.398522183Z
228,4,SI266220200309225433,0,56,2025-06-27T14:34:48.399043035Z
229,5,SI266220200309225433,0,56,2025-06-27T14:34:48.403255839Z
199,7,SI266220200309225433,280,284,2025-06-27T14:34:48.116392789Z
230,6,SI266220200309225433,0,56,2025-06-27T14:34:48.403946232Z
227,3,SI266220200309225433,4348,61,2025-06-27T14:34:48.398747494Z
225,1,SI266220200309225433,0,167,2025-06-27T14:34:48.398254595Z
216,8,SI266220200309225433,0,374,2025-06-27T14:34:48.234409014Z
235,11,SI266220200309225433,0,18,2025-06-27T14:34:48.605503439Z
224,0,SI266220200309225433,0,219,2025-06-27T14:34:48.397994661Z
236,12,SI266220200309225433,0,13,2025-06-27T14:34:48.605972686Z
237,13,SI266220200309225433,0,20,2025-06-27T14:34:48.606595862Z
234,10,SI266220200309225433,39,14,2025-06-27T14:34:48.604735234Z
242,2,SI266220200309225433,0,49,2025-06-27T14:34:48.609435515Z
238,14,SI266220200309225433,0,23,2025-06-27T14:34:48.607281003Z
233,9,SI266220200309225433,70,12,2025-06-27T14:34:48.603629822Z
207,15,SI266220200309225433,0,391,2025-06-27T14:34:48.215556897Z
244,4,SI266220200309225433,0,46,2025-06-27T14:34:48.610725204Z
245,5,SI266220200309225433,0,37,2025-06-27T14:34:48.620301127Z
232,8,SI266220200309225433,0,271,2025-06-27T14:34:48.409740763Z
215,7,SI266220200309225433,246,447,2025-06-27T14:34:48.233723045Z
246,6,SI266220200309225433,0,39,2025-06-27T14:34:48.621234386Z
243,3,SI266220200309225433,1359,50,2025-06-27T14:34:48.610046629Z
240,0,SI266220200309225433,0,84,2025-06-27T14:34:48.608094647Z
250,10,SI266220200309225433,0,82,2025-06-27T14:34:48.676196531Z
241,1,SI266220200309225433,0,72,2025-06-27T14:34:48.608613053Z
249,9,SI266220200309225433,40,91,2025-06-27T14:34:48.675087573Z
252,12,SI266220200309225433,0,79,2025-06-27T14:34:48.677896380Z
253,13,SI266220200309225433,0,79,2025-06-27T14:34:48.678571586Z
223,15,SI266220200309225433,0,394,2025-06-27T14:34:48.397778753Z
254,14,SI266220200309225433,0,82,2025-06-27T14:34:48.679430639Z
251,11,SI266220200309225433,0,83,2025-06-27T14:34:48.677177738Z
248,8,SI266220200309225433,0,114,2025-06-27T14:34:48.674380247Z
257,1,SI266220200309225433,0,21,2025-06-27T14:34:48.837362464Z
260,4,SI266220200309225433,0,18,2025-06-27T14:34:48.839112976Z
261,5,SI266220200309225433,0,24,2025-06-27T14:34:48.839684166Z
231,7,SI266220200309225433,1320,439,2025-06-27T14:34:48.404506686Z
256,0,SI266220200309225433,0,166,2025-06-27T14:34:48.681122048Z
262,6,SI266220200309225433,0,23,2025-06-27T14:34:48.840394590Z
259,3,SI266220200309225433,1820,23,2025-06-27T14:34:48.838549247Z
264,8,SI266220200309225433,0,70,2025-06-27T14:34:48.841322258Z
258,2,SI266220200309225433,0,25,2025-06-27T14:34:48.838074577Z
239,15,SI266220200309225433,0,298,2025-06-27T14:34:48.607713822Z
265,9,SI266220200309225433,61,12,2025-06-27T14:34:48.901044042Z
268,12,SI266220200309225433,0,56,2025-06-27T14:34:48.903302646Z
269,13,SI266220200309225433,0,54,2025-06-27T14:34:48.903895884Z
247,7,SI266220200309225433,36,346,2025-06-27T14:34:48.621968113Z
270,14,SI266220200309225433,0,57,2025-06-27T14:34:48.904465320Z
267,11,SI266220200309225433,0,57,2025-06-27T14:34:48.902678235Z
266,10,SI266220200309225433,0,60,2025-06-27T14:34:48.901932706Z
272,0,SI266220200309225433,0,55,2025-06-27T14:34:48.905394465Z
276,4,SI266220200309225433,0,74,2025-06-27T14:34:48.965222097Z
275,3,SI266220200309225433,1469,70,2025-06-27T14:34:48.964652780Z
274,2,SI266220200309225433,0,71,2025-06-27T14:34:48.963988612Z
282,10,SI266220200309225433,4,30,2025-06-27T14:34:49.028602055Z
278,6,SI266220200309225433,0,75,2025-06-27T14:34:48.966496979Z
277,5,SI266220200309225433,0,72,2025-06-27T14:34:48.965881448Z
255,15,SI266220200309225433,0,354,2025-06-27T14:34:48.680442210Z
273,1,SI266220200309225433,0,131,2025-06-27T14:34:48.906031529Z
281,9,SI266220200309225433,95,47,2025-06-27T14:34:49.027685892Z
284,12,SI266220200309225433,0,27,2025-06-27T14:34:49.029849042Z
280,8,SI266220200309225433,0,90,2025-06-27T14:34:48.967213992Z
285,13,SI266220200309225433,0,36,2025-06-27T14:34:49.030203543Z
263,7,SI266220200309225433,421,233,2025-06-27T14:34:48.840958941Z
286,14,SI266220200309225433,0,31,2025-06-27T14:34:49.031096500Z
283,11,SI266220200309225433,0,28,2025-06-27T14:34:49.029357693Z
288,0,SI266220200309225433,0,20,2025-06-27T14:34:49.065191387Z
290,2,SI266220200309225433,0,70,2025-06-27T14:34:49.066389746Z
292,4,SI266220200309225433,0,73,2025-06-27T14:34:49.067420453Z
293,5,SI266220200309225433,0,71,2025-06-27T14:34:49.068230440Z
291,3,SI266220200309225433,1233,69,2025-06-27T14:34:49.066826954Z
289,1,SI266220200309225433,0,60,2025-06-27T14:34:49.065814448Z
294,6,SI266220200309225433,0,74,2025-06-27T14:34:49.069001782Z
300,12,SI266220200309225433,0,31,2025-06-27T14:34:49.130104006Z
301,13,SI266220200309225433,0,34,2025-06-27T14:34:49.130863479Z
271,15,SI266220200309225433,0,221,2025-06-27T14:34:48.904946777Z
302,14,SI266220200309225433,0,50,2025-06-27T14:34:49.131743796Z
299,11,SI266220200309225433,0,57,2025-06-27T14:34:49.118675020Z
296,8,SI266220200309225433,0,70,2025-06-27T14:34:49.070105278Z
304,0,SI266220200309225433,0,99,2025-06-27T14:34:49.132644767Z
297,9,SI266220200309225433,21,85,2025-06-27T14:34:49.116572010Z
279,7,SI266220200309225433,586,265,2025-06-27T14:34:48.966894483Z
298,10,SI266220200309225433,13,62,2025-06-27T14:34:49.117747902Z
306,2,SI266220200309225433,0,27,2025-06-27T14:34:49.224419298Z
308,4,SI266220200309225433,18,34,2025-06-27T14:34:49.225084966Z
307,3,SI266220200309225433,5077,28,2025-06-27T14:34:49.224796144Z
305,1,SI266220200309225433,0,26,2025-06-27T14:34:49.223947142Z
316,12,SI266220200309225433,0,30,2025-06-27T14:34:49.242007483Z
309,5,SI266220200309225433,16,25,2025-06-27T14:34:49.225494873Z
310,6,SI266220200309225433,0,29,2025-06-27T14:34:49.225929065Z
287,15,SI266220200309225433,0,218,2025-06-27T14:34:49.031920636Z
318,14,SI266220200309225433,0,53,2025-06-27T14:34:49.245152418Z
315,11,SI266220200309225433,0,35,2025-06-27T14:34:49.241707580Z
312,8,SI266220200309225433,0,33,2025-06-27T14:34:49.226468661Z
320,0,SI266220200309225433,0,66,2025-06-27T14:34:49.267015454Z
314,10,SI266220200309225433,85,57,2025-06-27T14:34:49.241292358Z
317,13,SI266220200309225433,0,64,2025-06-27T14:34:49.242366074Z
295,7,SI266220200309225433,189,258,2025-06-27T14:34:49.069566997Z
313,9,SI266220200309225433,0,87,2025-06-27T14:34:49.240517420Z
324,4,SI266220200309225433,0,36,2025-06-27T14:34:49.321565216Z
325,5,SI266220200309225433,0,40,2025-06-27T14:34:49.322293334Z
303,15,SI266220200309225433,0,246,2025-06-27T14:34:49.132187468Z
326,6,SI266220200309225433,0,36,2025-06-27T14:34:49.323032646Z
323,3,SI266220200309225433,2336,40,2025-06-27T14:34:49.320968525Z
322,2,SI266220200309225433,0,83,2025-06-27T14:34:49.289441062Z
328,8,SI266220200309225433,0,58,2025-06-27T14:34:49.324252188Z
332,12,SI266220200309225433,0,59,2025-06-27T14:34:49.372907298Z
330,10,SI266220200309225433,67,109,2025-06-27T14:34:49.325963196Z
331,11,SI266220200309225433,0,70,2025-06-27T14:34:49.364779128Z
321,1,SI266220200309225433,0,113,2025-06-27T14:34:49.267494752Z
329,9,SI266220200309225433,56,153,2025-06-27T14:34:49.325059073Z
340,4,SI266220200309225433,0,34,2025-06-27T14:34:49.424470228Z
333,13,SI266220200309225433,0,69,2025-06-27T14:34:49.373400099Z
334,14,SI266220200309225433,0,86,2025-06-27T14:34:49.373793058Z
339,3,SI266220200309225433,2322,38,2025-06-27T14:34:49.423705624Z
336,0,SI266220200309225433,0,88,2025-06-27T14:34:49.374216884Z
338,2,SI266220200309225433,0,88,2025-06-27T14:34:49.374667488Z
337,1,SI266220200309225433,0,136,2025-06-27T14:34:49.374447008Z
311,7,SI266220200309225433,1444,286,2025-06-27T14:34:49.226203497Z
341,5,SI266220200309225433,0,73,2025-06-27T14:34:49.434231099Z
319,15,SI266220200309225433,0,333,2025-06-27T14:34:49.247448731Z
342,6,SI266220200309225433,0,124,2025-06-27T14:34:49.436042873Z
344,8,SI266220200309225433,0,115,2025-06-27T14:34:49.472417784Z
346,10,SI266220200309225433,0,75,2025-06-27T14:34:49.577764765Z
345,9,SI266220200309225433,109,12,2025-06-27T14:34:49.576791665Z
348,12,SI266220200309225433,0,76,2025-06-27T14:34:49.579055467Z
347,11,SI266220200309225433,0,74,2025-06-27T14:34:49.578499187Z
327,7,SI266220200309225433,368,326,2025-06-27T14:34:49.323631628Z
349,13,SI266220200309225433,0,79,2025-06-27T14:34:49.579690979Z
350,14,SI266220200309225433,0,74,2025-06-27T14:34:49.580373177Z
352,0,SI266220200309225433,0,77,2025-06-27T14:34:49.581317321Z
353,1,SI266220200309225433,0,79,2025-06-27T14:34:49.581909459Z
361,9,SI266220200309225433,78,13,2025-06-27T14:34:49.662588145Z
356,4,SI266220200309225433,0,17,2025-06-27T14:34:49.646434992Z
357,5,SI266220200309225433,1,22,2025-06-27T14:34:49.647136419Z
335,15,SI266220200309225433,0,293,2025-06-27T14:34:49.374027444Z
358,6,SI266220200309225433,0,21,2025-06-27T14:34:49.648081556Z
355,3,SI266220200309225433,8428,20,2025-06-27T14:34:49.645982613Z
354,2,SI266220200309225433,0,19,2025-06-27T14:34:49.645457038Z
360,8,SI266220200309225433,0,17,2025-06-27T14:34:49.657991514Z
362,10,SI266220200309225433,0,72,2025-06-27T14:34:49.663692351Z
364,12,SI266220200309225433,0,70,2025-06-27T14:34:49.665036785Z
363,11,SI266220200309225433,0,70,2025-06-27T14:34:49.664501188Z
366,14,SI266220200309225433,0,75,2025-06-27T14:34:49.666742531Z
369,1,SI266220200309225433,0,91,2025-06-27T14:34:49.668480199Z
372,4,SI266220200309225433,0,36,2025-06-27T14:34:49.725881123Z
365,13,SI266220200309225433,0,74,2025-06-27T14:34:49.665827131Z
343,7,SI266220200309225433,352,259,2025-06-27T14:34:49.471768392Z
374,6,SI266220200309225433,0,42,2025-06-27T14:34:49.730704925Z
371,3,SI266220200309225433,2389,46,2025-06-27T14:34:49.725291438Z
368,0,SI266220200309225433,0,78,2025-06-27T14:34:49.667754145Z
373,5,SI266220200309225433,0,71,2025-06-27T14:34:49.729215908Z
370,2,SI266220200309225433,0,49,2025-06-27T14:34:49.724690608Z
376,8,SI266220200309225433,0,108,2025-06-27T14:34:49.738883284Z
351,15,SI266220200309225433,0,256,2025-06-27T14:34:49.580873275Z
377,9,SI266220200309225433,51,12,2025-06-27T14:34:49.831282663Z
380,12,SI266220200309225433,0,24,2025-06-27T14:34:49.833817229Z
381,13,SI266220200309225433,0,24,2025-06-27T14:34:49.834223588Z
359,7,SI266220200309225433,3387,229,2025-06-27T14:34:49.648776787Z
382,14,SI266220200309225433,0,24,2025-06-27T14:34:49.834546715Z
379,11,SI266220200309225433,0,63,2025-06-27T14:34:49.833445128Z
384,0,SI266220200309225433,0,26,2025-06-27T14:34:49.835085662Z
378,10,SI266220200309225433,0,31,2025-06-27T14:34:49.832898106Z
386,2,SI266220200309225433,0,83,2025-06-27T14:34:49.870818300Z
388,4,SI266220200309225433,0,77,2025-06-27T14:34:49.872121721Z
387,3,SI266220200309225433,1804,81,2025-06-27T14:34:49.871430801Z
385,1,SI266220200309225433,0,113,2025-06-27T14:34:49.835957224Z
396,12,SI266220200309225433,0,23,2025-06-27T14:34:49.940052333Z
389,5,SI266220200309225433,0,89,2025-06-27T14:34:49.872677106Z
367,15,SI266220200309225433,0,278,2025-06-27T14:34:49.667306086Z
375,7,SI266220200309225433,360,261,2025-06-27T14:34:49.732222098Z
390,6,SI266220200309225433,0,89,2025-06-27T14:34:49.873234601Z
398,14,SI266220200309225433,0,51,2025-06-27T14:34:49.953861389Z
395,11,SI266220200309225433,0,28,2025-06-27T14:34:49.939460917Z
392,8,SI266220200309225433,0,87,2025-06-27T14:34:49.874075891Z
394,10,SI266220200309225433,141,66,2025-06-27T14:34:49.938219806Z
400,0,SI266220200309225433,0,76,2025-06-27T14:34:49.955342089Z
393,9,SI266220200309225433,0,57,2025-06-27T14:34:49.935499468Z
397,13,SI266220200309225433,0,62,2025-06-27T14:34:49.940798640Z
402,2,SI266220200309225433,0,46,2025-06-27T14:34:49.987282404Z
404,4,SI266220200309225433,0,67,2025-06-27T14:34:49.988204575Z
403,3,SI266220200309225433,2998,68,2025-06-27T14:34:49.987678862Z
401,1,SI266220200309225433,0,65,2025-06-27T14:34:49.986660642Z
412,12,SI266220200309225433,0,21,2025-06-27T14:34:50.046308593Z
405,5,SI266220200309225433,0,67,2025-06-27T14:34:49.989043621Z
383,15,SI266220200309225433,0,220,2025-06-27T14:34:49.834850119Z
406,6,SI266220200309225433,0,62,2025-06-27T14:34:49.995990541Z
411,11,SI266220200309225433,0,32,2025-06-27T14:34:50.045679418Z
408,8,SI266220200309225433,0,64,2025-06-27T14:34:49.996880551Z
413,13,SI266220200309225433,0,69,2025-06-27T14:34:50.046986154Z
409,9,SI266220200309225433,47,125,2025-06-27T14:34:49.997385048Z
414,14,SI266220200309225433,0,95,2025-06-27T14:34:50.047848113Z
417,1,SI266220200309225433,0,122,2025-06-27T14:34:50.049422630Z
410,10,SI266220200309225433,86,154,2025-06-27T14:34:50.022948007Z
420,4,SI266220200309225433,0,44,2025-06-27T14:34:50.114396889Z
421,5,SI266220200309225433,0,44,2025-06-27T14:34:50.115275400Z
391,7,SI266220200309225433,426,301,2025-06-27T14:34:49.873781331Z
422,6,SI266220200309225433,0,56,2025-06-27T14:34:50.116648929Z
419,3,SI266220200309225433,2380,45,2025-06-27T14:34:50.113633143Z
416,0,SI266220200309225433,0,93,2025-06-27T14:34:50.048822344Z
424,8,SI266220200309225433,0,71,2025-06-27T14:34:50.167035010Z
418,2,SI266220200309225433,0,123,2025-06-27T14:34:50.062203965Z
425,9,SI266220200309225433,49,67,2025-06-27T14:34:50.168586175Z
428,12,SI266220200309225433,0,93,2025-06-27T14:34:50.170908134Z
429,13,SI266220200309225433,0,89,2025-06-27T14:34:50.171710270Z
399,15,SI266220200309225433,0,281,2025-06-27T14:34:49.954698902Z
430,14,SI266220200309225433,0,95,2025-06-27T14:34:50.172682955Z
427,11,SI266220200309225433,0,94,2025-06-27T14:34:50.169993270Z
432,0,SI266220200309225433,0,73,2025-06-27T14:34:50.227055853Z
426,10,SI266220200309225433,0,97,2025-06-27T14:34:50.169220341Z
434,2,SI266220200309225433,0,131,2025-06-27T14:34:50.228179077Z
407,7,SI266220200309225433,766,316,2025-06-27T14:34:49.996517306Z
433,1,SI266220200309225433,0,85,2025-06-27T14:34:50.227603139Z
441,9,SI266220200309225433,17,12,2025-06-27T14:34:50.370837941Z
436,4,SI266220200309225433,0,54,2025-06-27T14:34:50.307646700Z
437,5,SI266220200309225433,0,53,2025-06-27T14:34:50.308577422Z
415,15,SI266220200309225433,0,327,2025-06-27T14:34:50.048437155Z
438,6,SI266220200309225433,1,51,2025-06-27T14:34:50.309227643Z
435,3,SI266220200309225433,5697,55,2025-06-27T14:34:50.306597942Z
440,8,SI266220200309225433,0,70,2025-06-27T14:34:50.309928843Z
443,11,SI266220200309225433,0,63,2025-06-27T14:34:50.371928960Z
442,10,SI266220200309225433,8,67,2025-06-27T14:34:50.371481942Z
423,7,SI266220200309225433,78,296,2025-06-27T14:34:50.137985337Z
446,14,SI266220200309225433,0,66,2025-06-27T14:34:50.372699627Z
444,12,SI266220200309225433,0,67,2025-06-27T14:34:50.372153907Z
449,1,SI266220200309225433,0,87,2025-06-27T14:34:50.373342953Z
452,4,SI266220200309225433,0,40,2025-06-27T14:34:50.427480168Z
445,13,SI266220200309225433,0,65,2025-06-27T14:34:50.372424868Z
431,15,SI266220200309225433,0,291,2025-06-27T14:34:50.173414574Z
448,0,SI266220200309225433,0,86,2025-06-27T14:34:50.373066574Z
454,6,SI266220200309225433,0,36,2025-06-27T14:34:50.429451957Z
453,5,SI266220200309225433,0,80,2025-06-27T14:34:50.428324335Z
451,3,SI266220200309225433,2357,37,2025-06-27T14:34:50.426842140Z
456,8,SI266220200309225433,0,54,2025-06-27T14:34:50.456800736Z
450,2,SI266220200309225433,0,39,2025-06-27T14:34:50.426269004Z
457,9,SI266220200309225433,146,110,2025-06-27T14:34:50.457839979Z
460,12,SI266220200309225433,0,104,2025-06-27T14:34:50.460031683Z
461,13,SI266220200309225433,0,59,2025-06-27T14:34:50.460747074Z
439,7,SI266220200309225433,2688,278,2025-06-27T14:34:50.309619777Z
462,14,SI266220200309225433,0,64,2025-06-27T14:34:50.500964227Z
459,11,SI266220200309225433,0,104,2025-06-27T14:34:50.459508503Z
464,0,SI266220200309225433,0,95,2025-06-27T14:34:50.502299353Z
458,10,SI266220200309225433,3,108,2025-06-27T14:34:50.458714840Z
466,2,SI266220200309225433,0,74,2025-06-27T14:34:50.582469408Z
468,4,SI266220200309225433,0,75,2025-06-27T14:34:50.583985537Z
467,3,SI266220200309225433,1802,75,2025-06-27T14:34:50.583146751Z
470,6,SI266220200309225433,0,75,2025-06-27T14:34:50.585502270Z
465,1,SI266220200309225433,0,69,2025-06-27T14:34:50.581508816Z
476,12,SI266220200309225433,0,19,2025-06-27T14:34:50.648406662Z
469,5,SI266220200309225433,1,73,2025-06-27T14:34:50.584828188Z
447,15,SI266220200309225433,0,276,2025-06-27T14:34:50.372886824Z
478,14,SI266220200309225433,0,30,2025-06-27T14:34:50.650561826Z
475,11,SI266220200309225433,0,26,2025-06-27T14:34:50.647366533Z
472,8,SI266220200309225433,0,79,2025-06-27T14:34:50.586330777Z
480,0,SI266220200309225433,0,15,2025-06-27T14:34:50.722314778Z
455,7,SI266220200309225433,607,300,2025-06-27T14:34:50.430329130Z
473,9,SI266220200309225433,34,61,2025-06-27T14:34:50.642855960Z
474,10,SI266220200309225433,110,34,2025-06-27T14:34:50.646097529Z
477,13,SI266220200309225433,0,58,2025-06-27T14:34:50.649447774Z
481,1,SI266220200309225433,0,38,2025-06-27T14:34:50.722873716Z
484,4,SI266220200309225433,0,40,2025-06-27T14:34:50.724561854Z
485,5,SI266220200309225433,0,48,2025-06-27T14:34:50.725396004Z
463,15,SI266220200309225433,0,256,2025-06-27T14:34:50.501834351Z
486,6,SI266220200309225433,0,47,2025-06-27T14:34:50.726276813Z
483,3,SI266220200309225433,3654,47,2025-06-27T14:34:50.723907874Z
482,2,SI266220200309225433,0,42,2025-06-27T14:34:50.723436413Z
488,8,SI266220200309225433,0,38,2025-06-27T14:34:50.727684209Z
490,10,SI266220200309225433,96,84,2025-06-27T14:34:50.753116992Z
492,12,SI266220200309225433,0,87,2025-06-27T14:34:50.754281906Z
498,2,SI266220200309225433,0,27,2025-06-27T14:34:50.833891579Z
491,11,SI266220200309225433,0,90,2025-06-27T14:34:50.753785715Z
494,14,SI266220200309225433,0,86,2025-06-27T14:34:50.755244008Z
489,9,SI266220200309225433,0,90,2025-06-27T14:34:50.752100501Z
500,4,SI266220200309225433,0,26,2025-06-27T14:34:50.834396559Z
493,13,SI266220200309225433,0,92,2025-06-27T14:34:50.754686100Z
471,7,SI266220200309225433,450,254,2025-06-27T14:34:50.585930368Z
496,0,SI266220200309225433,0,96,2025-06-27T14:34:50.756296822Z
479,15,SI266220200309225433,0,243,2025-06-27T14:34:50.651853107Z
502,6,SI266220200309225433,0,33,2025-06-27T14:34:50.835367708Z
499,3,SI266220200309225433,2839,29,2025-06-27T14:34:50.834068653Z
501,5,SI266220200309225433,0,88,2025-06-27T14:34:50.834779532Z
507,11,SI266220200309225433,0,36,2025-06-27T14:34:50.890254705Z
504,8,SI266220200309225433,0,54,2025-06-27T14:34:50.843784378Z
508,12,SI266220200309225433,0,35,2025-06-27T14:34:50.890964875Z
506,10,SI266220200309225433,46,65,2025-06-27T14:34:50.861421224Z
514,2,SI266220200309225433,0,43,2025-06-27T14:34:50.917485534Z
497,1,SI266220200309225433,0,65,2025-06-27T14:34:50.833614999Z
516,4,SI266220200309225433,0,41,2025-06-27T14:34:50.918856834Z
509,13,SI266220200309225433,0,41,2025-06-27T14:34:50.891869614Z
510,14,SI266220200309225433,0,68,2025-06-27T14:34:50.892707772Z
515,3,SI266220200309225433,2713,41,2025-06-27T14:34:50.918223309Z
512,0,SI266220200309225433,0,43,2025-06-27T14:34:50.916046259Z
487,7,SI266220200309225433,1821,297,2025-06-27T14:34:50.726917641Z
505,9,SI266220200309225433,52,184,2025-06-27T14:34:50.844769465Z
513,1,SI266220200309225433,0,166,2025-06-27T14:34:50.916955756Z
517,5,SI266220200309225433,0,132,2025-06-27T14:34:50.927417881Z
495,15,SI266220200309225433,0,326,2025-06-27T14:34:50.755844925Z
518,6,SI266220200309225433,0,44,2025-06-27T14:34:51.017945605Z
520,8,SI266220200309225433,0,66,2025-06-27T14:34:51.019116609Z
522,10,SI266220200309225433,0,76,2025-06-27T14:34:51.078112540Z
523,11,SI266220200309225433,0,75,2025-06-27T14:34:51.078618264Z
524,12,SI266220200309225433,0,76,2025-06-27T14:34:51.078824014Z
526,14,SI266220200309225433,0,81,2025-06-27T14:34:51.079323694Z
525,13,SI266220200309225433,0,74,2025-06-27T14:34:51.079067227Z
521,9,SI266220200309225433,59,74,2025-06-27T14:34:51.077624473Z
532,4,SI266220200309225433,0,22,2025-06-27T14:34:51.146568220Z
533,5,SI266220200309225433,0,34,2025-06-27T14:34:51.147310087Z
503,7,SI266220200309225433,271,314,2025-06-27T14:34:50.835776194Z
534,6,SI266220200309225433,0,28,2025-06-27T14:34:51.148223551Z
528,0,SI266220200309225433,0,82,2025-06-27T14:34:51.079630359Z
531,3,SI266220200309225433,2807,20,2025-06-27T14:34:51.146038876Z
536,8,SI266220200309225433,0,61,2025-06-27T14:34:51.160981959Z
530,2,SI266220200309225433,0,23,2025-06-27T14:34:51.145577503Z
529,1,SI266220200309225433,0,128,2025-06-27T14:34:51.079867695Z
540,12,SI266220200309225433,0,56,2025-06-27T14:34:51.207049462Z
511,15,SI266220200309225433,0,292,2025-06-27T14:34:50.915395270Z
541,13,SI266220200309225433,0,54,2025-06-27T14:34:51.207766627Z
519,7,SI266220200309225433,717,268,2025-06-27T14:34:51.018687280Z
542,14,SI266220200309225433,0,56,2025-06-27T14:34:51.209247649Z
537,9,SI266220200309225433,151,86,2025-06-27T14:34:51.201753381Z
539,11,SI266220200309225433,0,55,2025-06-27T14:34:51.206516557Z
538,10,SI266220200309225433,0,58,2025-06-27T14:34:51.205462117Z
544,0,SI266220200309225433,0,83,2025-06-27T14:34:51.210422473Z
546,2,SI266220200309225433,0,51,2025-06-27T14:34:51.281362028Z
550,6,SI266220200309225433,0,57,2025-06-27T14:34:51.283135836Z
547,3,SI266220200309225433,1383,54,2025-06-27T14:34:51.281704412Z
548,4,SI266220200309225433,0,56,2025-06-27T14:34:51.282098789Z
549,5,SI266220200309225433,0,56,2025-06-27T14:34:51.282537411Z
545,1,SI266220200309225433,0,51,2025-06-27T14:34:51.280917704Z
556,12,SI266220200309225433,0,38,2025-06-27T14:34:51.328629543Z
557,13,SI266220200309225433,0,38,2025-06-27T14:34:51.329051395Z
527,15,SI266220200309225433,0,254,2025-06-27T14:34:51.079486663Z
558,14,SI266220200309225433,0,34,2025-06-27T14:34:51.329775233Z
555,11,SI266220200309225433,0,36,2025-06-27T14:34:51.328116829Z
552,8,SI266220200309225433,0,78,2025-06-27T14:34:51.284209928Z
535,7,SI266220200309225433,1022,255,2025-06-27T14:34:51.149113412Z
553,9,SI266220200309225433,42,79,2025-06-27T14:34:51.326523916Z
554,10,SI266220200309225433,0,35,2025-06-27T14:34:51.327335354Z
562,2,SI266220200309225433,0,61,2025-06-27T14:34:51.399677740Z
563,3,SI266220200309225433,3273,60,2025-06-27T14:34:51.400089210Z
561,1,SI266220200309225433,0,59,2025-06-27T14:34:51.399080180Z
564,4,SI266220200309225433,0,65,2025-06-27T14:34:51.400637177Z
565,5,SI266220200309225433,0,61,2025-06-27T14:34:51.401329828Z
543,15,SI266220200309225433,0,247,2025-06-27T14:34:51.209976268Z
566,6,SI266220200309225433,0,64,2025-06-27T14:34:51.402534873Z
571,11,SI266220200309225433,0,26,2025-06-27T14:34:51.453661019Z
560,0,SI266220200309225433,0,84,2025-06-27T14:34:51.398421422Z
570,10,SI266220200309225433,147,68,2025-06-27T14:34:51.452778322Z
572,12,SI266220200309225433,0,92,2025-06-27T14:34:51.454271292Z
573,13,SI266220200309225433,0,100,2025-06-27T14:34:51.455108901Z
574,14,SI266220200309225433,0,86,2025-06-27T14:34:51.470422180Z
569,9,SI266220200309225433,13,95,2025-06-27T14:34:51.451442259Z
580,4,SI266220200309225433,0,27,2025-06-27T14:34:51.540219652Z
581,5,SI266220200309225433,0,32,2025-06-27T14:34:51.541399240Z
551,7,SI266220200309225433,203,259,2025-06-27T14:34:51.283713565Z
582,6,SI266220200309225433,0,43,2025-06-27T14:34:51.542551905Z
579,3,SI266220200309225433,3020,27,2025-06-27T14:34:51.539803329Z
568,8,SI266220200309225433,0,183,2025-06-27T14:34:51.404034774Z
576,0,SI266220200309225433,0,162,2025-06-27T14:34:51.471497837Z
578,2,SI266220200309225433,0,47,2025-06-27T14:34:51.539217564Z
577,1,SI266220200309225433,0,135,2025-06-27T14:34:51.474290281Z
585,9,SI266220200309225433,70,95,2025-06-27T14:34:51.582315104Z
588,12,SI266220200309225433,0,58,2025-06-27T14:34:51.604947765Z
589,13,SI266220200309225433,0,63,2025-06-27T14:34:51.605614161Z
559,15,SI266220200309225433,0,344,2025-06-27T14:34:51.330347910Z
590,14,SI266220200309225433,0,58,2025-06-27T14:34:51.606453651Z
584,8,SI266220200309225433,0,121,2025-06-27T14:34:51.552978548Z
587,11,SI266220200309225433,0,59,2025-06-27T14:34:51.604035892Z
592,0,SI266220200309225433,0,49,2025-06-27T14:34:51.666395178Z
586,10,SI266220200309225433,72,65,2025-06-27T14:34:51.603155540Z
593,1,SI266220200309225433,0,116,2025-06-27T14:34:51.667107478Z
596,4,SI266220200309225433,0,96,2025-06-27T14:34:51.668583146Z
597,5,SI266220200309225433,0,99,2025-06-27T14:34:51.669162270Z
598,6,SI266220200309225433,0,95,2025-06-27T14:34:51.670212994Z
595,3,SI266220200309225433,3674,97,2025-06-27T14:34:51.668148438Z
567,7,SI266220200309225433,1776,409,2025-06-27T14:34:51.403316613Z
594,2,SI266220200309225433,0,100,2025-06-27T14:34:51.667747377Z
600,8,SI266220200309225433,0,185,2025-06-27T14:34:51.671135056Z
601,9,SI266220200309225433,115,14,2025-06-27T14:34:51.845157609Z
604,12,SI266220200309225433,0,15,2025-06-27T14:34:51.846681839Z
605,13,SI266220200309225433,0,17,2025-06-27T14:34:51.847037046Z
575,15,SI266220200309225433,0,379,2025-06-27T14:34:51.471035257Z
583,7,SI266220200309225433,535,354,2025-06-27T14:34:51.543663462Z
606,14,SI266220200309225433,0,16,2025-06-27T14:34:51.847564371Z
602,10,SI266220200309225433,0,22,2025-06-27T14:34:51.845895056Z
603,11,SI266220200309225433,0,19,2025-06-27T14:34:51.846376784Z
611,3,SI266220200309225433,8551,34,2025-06-27T14:34:51.893555330Z
608,0,SI266220200309225433,0,18,2025-06-27T14:34:51.848458352Z
610,2,SI266220200309225433,0,33,2025-06-27T14:34:51.893154912Z
614,6,SI266220200309225433,0,38,2025-06-27T14:34:51.894751478Z
613,5,SI266220200309225433,0,35,2025-06-27T14:34:51.894350915Z
612,4,SI266220200309225433,0,36,2025-06-27T14:34:51.893962171Z
609,1,SI266220200309225433,0,80,2025-06-27T14:34:51.848907677Z
620,12,SI266220200309225433,0,51,2025-06-27T14:34:51.916534332Z
621,13,SI266220200309225433,0,49,2025-06-27T14:34:51.916904292Z
591,15,SI266220200309225433,0,315,2025-06-27T14:34:51.607088530Z
622,14,SI266220200309225433,0,46,2025-06-27T14:34:51.917774183Z
616,8,SI266220200309225433,0,68,2025-06-27T14:34:51.895296845Z
619,11,SI266220200309225433,0,47,2025-06-27T14:34:51.916236363Z
624,0,SI266220200309225433,0,9,2025-06-27T14:34:52.010649347Z
618,10,SI266220200309225433,2,53,2025-06-27T14:34:51.915596708Z
617,9,SI266220200309225433,53,103,2025-06-27T14:34:51.914872780Z
599,7,SI266220200309225433,337,346,2025-06-27T14:34:51.670823822Z
625,1,SI266220200309225433,0,52,2025-06-27T14:34:52.011103986Z
628,4,SI266220200309225433,0,55,2025-06-27T14:34:52.011983174Z
629,5,SI266220200309225433,0,52,2025-06-27T14:34:52.012378954Z
607,15,SI266220200309225433,0,217,2025-06-27T14:34:51.848050942Z
630,6,SI266220200309225433,0,55,2025-06-27T14:34:52.012780414Z
627,3,SI266220200309225433,2009,54,2025-06-27T14:34:52.011713562Z
632,8,SI266220200309225433,0,123,2025-06-27T14:34:52.013397251Z
626,2,SI266220200309225433,0,55,2025-06-27T14:34:52.011435054Z
634,10,SI266220200309225433,0,79,2025-06-27T14:34:52.062035669Z
635,11,SI266220200309225433,0,76,2025-06-27T14:34:52.062928859Z
636,12,SI266220200309225433,0,76,2025-06-27T14:34:52.063457920Z
638,14,SI266220200309225433,0,77,2025-06-27T14:34:52.064859761Z
637,13,SI266220200309225433,0,76,2025-06-27T14:34:52.064071382Z
633,9,SI266220200309225433,131,77,2025-06-27T14:34:52.060955446Z
644,4,SI266220200309225433,0,37,2025-06-27T14:34:52.130267025Z
615,7,SI266220200309225433,3269,238,2025-06-27T14:34:51.895060082Z
645,5,SI266220200309225433,0,39,2025-06-27T14:34:52.130756129Z
640,0,SI266220200309225433,0,43,2025-06-27T14:34:52.128825470Z
623,15,SI266220200309225433,0,269,2025-06-27T14:34:51.918554956Z
646,6,SI266220200309225433,0,38,2025-06-27T14:34:52.131489122Z
643,3,SI266220200309225433,1671,34,2025-06-27T14:34:52.129930109Z
648,8,SI266220200309225433,0,53,2025-06-27T14:34:52.144983126Z
642,2,SI266220200309225433,0,35,2025-06-27T14:34:52.129683530Z
641,1,SI266220200309225433,0,59,2025-06-27T14:34:52.129307080Z
649,9,SI266220200309225433,26,89,2025-06-27T14:34:52.183849516Z
652,12,SI266220200309225433,0,81,2025-06-27T14:34:52.186056520Z
653,13,SI266220200309225433,0,79,2025-06-27T14:34:52.186972710Z
631,7,SI266220200309225433,674,258,2025-06-27T14:34:52.013092876Z
654,14,SI266220200309225433,0,82,2025-06-27T14:34:52.187788688Z
650,10,SI266220200309225433,121,85,2025-06-27T14:34:52.184814675Z
651,11,SI266220200309225433,0,83,2025-06-27T14:34:52.185532687Z
659,3,SI266220200309225433,3715,52,2025-06-27T14:34:52.265791658Z
660,4,SI266220200309225433,0,54,2025-06-27T14:34:52.266450614Z
658,2,SI266220200309225433,0,50,2025-06-27T14:34:52.265369786Z
656,0,SI266220200309225433,0,96,2025-06-27T14:34:52.188867367Z
657,1,SI266220200309225433,0,49,2025-06-27T14:34:52.264750286Z
668,12,SI266220200309225433,0,27,2025-06-27T14:34:52.309807312Z
666,10,SI266220200309225433,66,28,2025-06-27T14:34:52.308529655Z
662,6,SI266220200309225433,0,66,2025-06-27T14:34:52.268935200Z
670,14,SI266220200309225433,0,44,2025-06-27T14:34:52.321766157Z
665,9,SI266220200309225433,36,86,2025-06-27T14:34:52.275039776Z
676,4,SI266220200309225433,0,37,2025-06-27T14:34:52.325919447Z
661,5,SI266220200309225433,0,63,2025-06-27T14:34:52.267509400Z
664,8,SI266220200309225433,4,91,2025-06-27T14:34:52.272723127Z
667,11,SI266220200309225433,0,51,2025-06-27T14:34:52.309266211Z
639,15,SI266220200309225433,0,248,2025-06-27T14:34:52.065426556Z
678,6,SI266220200309225433,0,30,2025-06-27T14:34:52.355591547Z
675,3,SI266220200309225433,2176,64,2025-06-27T14:34:52.325459926Z
672,0,SI266220200309225433,0,67,2025-06-27T14:34:52.322641029Z
674,2,SI266220200309225433,0,67,2025-06-27T14:34:52.324836490Z
669,13,SI266220200309225433,0,79,2025-06-27T14:34:52.310330601Z
673,1,SI266220200309225433,0,105,2025-06-27T14:34:52.323057670Z
677,5,SI266220200309225433,0,133,2025-06-27T14:34:52.339030858Z
647,7,SI266220200309225433,552,342,2025-06-27T14:34:52.132279516Z
680,8,SI266220200309225433,0,17,2025-06-27T14:34:52.468833965Z
684,12,SI266220200309225433,0,70,2025-06-27T14:34:52.473785283Z
683,11,SI266220200309225433,0,71,2025-06-27T14:34:52.473182539Z
682,10,SI266220200309225433,0,72,2025-06-27T14:34:52.472263157Z
685,13,SI266220200309225433,0,73,2025-06-27T14:34:52.474376761Z
686,14,SI266220200309225433,0,75,2025-06-27T14:34:52.475185219Z
681,9,SI266220200309225433,77,22,2025-06-27T14:34:52.471314076Z
689,1,SI266220200309225433,0,90,2025-06-27T14:34:52.476043043Z
692,4,SI266220200309225433,0,25,2025-06-27T14:34:52.537654433Z
693,5,SI266220200309225433,0,26,2025-06-27T14:34:52.538255089Z
655,15,SI266220200309225433,0,353,2025-06-27T14:34:52.188443639Z
694,6,SI266220200309225433,0,26,2025-06-27T14:34:52.539407230Z
691,3,SI266220200309225433,5842,25,2025-06-27T14:34:52.537258222Z
663,7,SI266220200309225433,542,334,2025-06-27T14:34:52.269964343Z
688,0,SI266220200309225433,0,91,2025-06-27T14:34:52.475768294Z
690,2,SI266220200309225433,0,29,2025-06-27T14:34:52.536888217Z
696,8,SI266220200309225433,0,17,2025-06-27T14:34:52.629519755Z
697,9,SI266220200309225433,44,14,2025-06-27T14:34:52.630417030Z
700,12,SI266220200309225433,0,30,2025-06-27T14:34:52.632921103Z
701,13,SI266220200309225433,0,33,2025-06-27T14:34:52.634032605Z
671,15,SI266220200309225433,0,312,2025-06-27T14:34:52.322301575Z
702,14,SI266220200309225433,0,30,2025-06-27T14:34:52.635904Z
699,11,SI266220200309225433,0,31,2025-06-27T14:34:52.632376031Z
704,0,SI266220200309225433,0,27,2025-06-27T14:34:52.636983396Z
698,10,SI266220200309225433,0,36,2025-06-27T14:34:52.631535094Z
705,1,SI266220200309225433,0,129,2025-06-27T14:34:52.637672047Z
708,4,SI266220200309225433,0,47,2025-06-27T14:34:52.717494206Z
709,5,SI266220200309225433,0,48,2025-06-27T14:34:52.718460740Z
679,7,SI266220200309225433,49,367,2025-06-27T14:34:52.357267442Z
687,15,SI266220200309225433,0,323,2025-06-27T14:34:52.475565940Z
710,6,SI266220200309225433,0,49,2025-06-27T14:34:52.719339219Z
707,3,SI266220200309225433,2531,48,2025-06-27T14:34:52.716549721Z
706,2,SI266220200309225433,0,54,2025-06-27T14:34:52.715435906Z
714,10,SI266220200309225433,12,16,2025-06-27T14:34:52.842127575Z
715,11,SI266220200309225433,0,12,2025-06-27T14:34:52.842873623Z
716,12,SI266220200309225433,0,10,2025-06-27T14:34:52.843425817Z
712,8,SI266220200309225433,0,133,2025-06-27T14:34:52.720661762Z
713,9,SI266220200309225433,128,13,2025-06-27T14:34:52.841159872Z
695,7,SI266220200309225433,1195,306,2025-06-27T14:34:52.540535466Z
717,13,SI266220200309225433,0,14,2025-06-27T14:34:52.844031141Z
718,14,SI266220200309225433,0,14,2025-06-27T14:34:52.844668546Z
721,1,SI266220200309225433,0,23,2025-06-27T14:34:52.845850496Z
724,4,SI266220200309225433,0,17,2025-06-27T14:34:52.846845468Z
725,5,SI266220200309225433,0,25,2025-06-27T14:34:52.847338308Z
703,15,SI266220200309225433,0,232,2025-06-27T14:34:52.636500978Z
726,6,SI266220200309225433,0,25,2025-06-27T14:34:52.848234604Z
723,3,SI266220200309225433,1732,17,2025-06-27T14:34:52.846540254Z
720,0,SI266220200309225433,0,20,2025-06-27T14:34:52.845502252Z
722,2,SI266220200309225433,0,25,2025-06-27T14:34:52.846212993Z
730,10,SI266220200309225433,64,19,2025-06-27T14:34:52.937248497Z
732,12,SI266220200309225433,0,17,2025-06-27T14:34:52.938550179Z
731,11,SI266220200309225433,0,14,2025-06-27T14:34:52.937989017Z
729,9,SI266220200309225433,44,12,2025-06-27T14:34:52.936164496Z
740,4,SI266220200309225433,0,22,2025-06-27T14:34:52.945078420Z
733,13,SI266220200309225433,0,16,2025-06-27T14:34:52.938972195Z
711,7,SI266220200309225433,861,220,2025-06-27T14:34:52.719982219Z
734,14,SI266220200309225433,0,17,2025-06-27T14:34:52.939255650Z
739,3,SI266220200309225433,5447,37,2025-06-27T14:34:52.944228547Z
728,8,SI266220200309225433,0,93,2025-06-27T14:34:52.855947030Z
738,2,SI266220200309225433,0,42,2025-06-27T14:34:52.941142960Z
741,5,SI266220200309225433,50,102,2025-06-27T14:34:52.945944788Z
742,6,SI266220200309225433,0,91,2025-06-27T14:34:52.946992869Z
719,15,SI266220200309225433,0,176,2025-06-27T14:34:52.845147041Z
737,1,SI266220200309225433,0,81,2025-06-27T14:34:52.940418188Z
736,0,SI266220200309225433,0,111,2025-06-27T14:34:52.939648418Z
745,9,SI266220200309225433,59,61,2025-06-27T14:34:53.016410295Z
748,12,SI266220200309225433,0,43,2025-06-27T14:34:53.019204489Z
749,13,SI266220200309225433,0,44,2025-06-27T14:34:53.019761265Z
727,7,SI266220200309225433,490,227,2025-06-27T14:34:52.849360439Z
750,14,SI266220200309225433,0,22,2025-06-27T14:34:53.041591122Z
747,11,SI266220200309225433,0,44,2025-06-27T14:34:53.018472671Z
744,8,SI266220200309225433,0,116,2025-06-27T14:34:52.963125478Z
746,10,SI266220200309225433,77,47,2025-06-27T14:34:53.017512893Z
754,2,SI266220200309225433,0,81,2025-06-27T14:34:53.070422321Z
755,3,SI266220200309225433,2751,81,2025-06-27T14:34:53.071021448Z
756,4,SI266220200309225433,0,89,2025-06-27T14:34:53.071507472Z
753,1,SI266220200309225433,0,107,2025-06-27T14:34:53.043143685Z
764,12,SI266220200309225433,0,25,2025-06-27T14:34:53.145570085Z
757,5,SI266220200309225433,0,106,2025-06-27T14:34:53.072198714Z
735,15,SI266220200309225433,0,207,2025-06-27T14:34:52.939445960Z
758,6,SI266220200309225433,0,94,2025-06-27T14:34:53.072898572Z
763,11,SI266220200309225433,0,21,2025-06-27T14:34:53.144892541Z
752,0,SI266220200309225433,0,134,2025-06-27T14:34:53.042312017Z
762,10,SI266220200309225433,54,34,2025-06-27T14:34:53.143560174Z
765,13,SI266220200309225433,0,67,2025-06-27T14:34:53.146143246Z
760,8,SI266220200309225433,0,187,2025-06-27T14:34:53.074296178Z
761,9,SI266220200309225433,63,189,2025-06-27T14:34:53.075426650Z
772,4,SI266220200309225433,0,10,2025-06-27T14:34:53.254760884Z
773,5,SI266220200309225433,0,11,2025-06-27T14:34:53.255629480Z
766,14,SI266220200309225433,0,103,2025-06-27T14:34:53.169533381Z
743,7,SI266220200309225433,1269,310,2025-06-27T14:34:52.948298380Z
774,6,SI266220200309225433,0,37,2025-06-27T14:34:53.256930498Z
771,3,SI266220200309225433,2613,10,2025-06-27T14:34:53.254079441Z
768,0,SI266220200309225433,0,113,2025-06-27T14:34:53.170840191Z
770,2,SI266220200309225433,0,18,2025-06-27T14:34:53.253271638Z
769,1,SI266220200309225433,0,174,2025-06-27T14:34:53.171565763Z
780,12,SI266220200309225433,0,19,2025-06-27T14:34:53.344701621Z
781,13,SI266220200309225433,0,23,2025-06-27T14:34:53.346087751Z
751,15,SI266220200309225433,0,307,2025-06-27T14:34:53.042070849Z
782,14,SI266220200309225433,0,21,2025-06-27T14:34:53.347636121Z
779,11,SI266220200309225433,0,25,2025-06-27T14:34:53.343506076Z
776,8,SI266220200309225433,0,99,2025-06-27T14:34:53.259653008Z
778,10,SI266220200309225433,13,26,2025-06-27T14:34:53.342342624Z
759,7,SI266220200309225433,415,359,2025-06-27T14:34:53.073551747Z
777,9,SI266220200309225433,92,98,2025-06-27T14:34:53.340695057Z
785,1,SI266220200309225433,0,54,2025-06-27T14:34:53.427070996Z
788,4,SI266220200309225433,0,36,2025-06-27T14:34:53.428807473Z
789,5,SI266220200309225433,0,40,2025-06-27T14:34:53.429534198Z
767,15,SI266220200309225433,0,311,2025-06-27T14:34:53.170205432Z
790,6,SI266220200309225433,0,40,2025-06-27T14:34:53.430893329Z
787,3,SI266220200309225433,5098,39,2025-06-27T14:34:53.428364613Z
784,0,SI266220200309225433,0,92,2025-06-27T14:34:53.350351590Z
786,2,SI266220200309225433,0,39,2025-06-27T14:34:53.427938499Z
794,10,SI266220200309225433,0,11,2025-06-27T14:34:53.534870352Z
796,12,SI266220200309225433,0,8,2025-06-27T14:34:53.535698042Z
795,11,SI266220200309225433,0,13,2025-06-27T14:34:53.535360024Z
798,14,SI266220200309225433,0,10,2025-06-27T14:34:53.536308931Z
792,8,SI266220200309225433,0,116,2025-06-27T14:34:53.432894204Z
797,13,SI266220200309225433,0,14,2025-06-27T14:34:53.536003876Z
793,9,SI266220200309225433,109,11,2025-06-27T14:34:53.534260314Z
804,4,SI266220200309225433,0,26,2025-06-27T14:34:53.538137247Z
805,5,SI266220200309225433,0,37,2025-06-27T14:34:53.538543611Z
775,7,SI266220200309225433,456,281,2025-06-27T14:34:53.258439474Z
806,6,SI266220200309225433,0,28,2025-06-27T14:34:53.539399843Z
800,0,SI266220200309225433,0,34,2025-06-27T14:34:53.536899999Z
803,3,SI266220200309225433,1421,28,2025-06-27T14:34:53.537813880Z
808,8,SI266220200309225433,0,13,2025-06-27T14:34:53.609994472Z
802,2,SI266220200309225433,0,27,2025-06-27T14:34:53.537447849Z
801,1,SI266220200309225433,0,82,2025-06-27T14:34:53.537175513Z
812,12,SI266220200309225433,0,53,2025-06-27T14:34:53.614655981Z
813,13,SI266220200309225433,0,55,2025-06-27T14:34:53.614974849Z
783,15,SI266220200309225433,0,269,2025-06-27T14:34:53.349429186Z
814,14,SI266220200309225433,0,51,2025-06-27T14:34:53.615322698Z
811,11,SI266220200309225433,0,52,2025-06-27T14:34:53.614295196Z
816,0,SI266220200309225433,0,106,2025-06-27T14:34:53.615807281Z
810,10,SI266220200309225433,0,54,2025-06-27T14:34:53.613602616Z
809,9,SI266220200309225433,45,102,2025-06-27T14:34:53.610807163Z
791,7,SI266220200309225433,1902,277,2025-06-27T14:34:53.431944815Z
817,1,SI266220200309225433,0,149,2025-06-27T14:34:53.616108036Z
820,4,SI266220200309225433,0,68,2025-06-27T14:34:53.701791956Z
821,5,SI266220200309225433,0,66,2025-06-27T14:34:53.705431701Z
799,15,SI266220200309225433,0,229,2025-06-27T14:34:53.536628563Z
822,6,SI266220200309225433,0,61,2025-06-27T14:34:53.706584824Z
819,3,SI266220200309225433,1889,68,2025-06-27T14:34:53.700979809Z
824,8,SI266220200309225433,0,62,2025-06-27T14:34:53.708369235Z
818,2,SI266220200309225433,0,65,2025-06-27T14:34:53.700332553Z
826,10,SI266220200309225433,129,102,2025-06-27T14:34:53.759068991Z
828,12,SI266220200309225433,0,104,2025-06-27T14:34:53.760218818Z
807,7,SI266220200309225433,169,318,2025-06-27T14:34:53.539984384Z
825,9,SI266220200309225433,0,107,2025-06-27T14:34:53.757990689Z
830,14,SI266220200309225433,0,102,2025-06-27T14:34:53.761604083Z
833,1,SI266220200309225433,0,29,2025-06-27T14:34:53.851944009Z
836,4,SI266220200309225433,0,25,2025-06-27T14:34:53.853534455Z
829,13,SI266220200309225433,0,106,2025-06-27T14:34:53.760828314Z
815,15,SI266220200309225433,0,264,2025-06-27T14:34:53.615577953Z
827,11,SI266220200309225433,0,103,2025-06-27T14:34:53.759664655Z
838,6,SI266220200309225433,26,26,2025-06-27T14:34:53.855291850Z
832,0,SI266220200309225433,0,93,2025-06-27T14:34:53.772705169Z
837,5,SI266220200309225433,0,67,2025-06-27T14:34:53.854092293Z
835,3,SI266220200309225433,2801,62,2025-06-27T14:34:53.853013117Z
840,8,SI266220200309225433,0,68,2025-06-27T14:34:53.856769783Z
834,2,SI266220200309225433,0,20,2025-06-27T14:34:53.852607774Z
842,10,SI266220200309225433,85,78,2025-06-27T14:34:53.871306386Z
845,13,SI266220200309225433,0,59,2025-06-27T14:34:53.872385898Z
844,12,SI266220200309225433,0,81,2025-06-27T14:34:53.872038654Z
843,11,SI266220200309225433,0,82,2025-06-27T14:34:53.871741400Z
852,4,SI266220200309225433,0,25,2025-06-27T14:34:53.943811141Z
853,5,SI266220200309225433,0,10,2025-06-27T14:34:53.956661901Z
823,7,SI266220200309225433,509,291,2025-06-27T14:34:53.707401303Z
846,14,SI266220200309225433,0,82,2025-06-27T14:34:53.883449746Z
851,3,SI266220200309225433,2581,27,2025-06-27T14:34:53.943126491Z
848,0,SI266220200309225433,0,52,2025-06-27T14:34:53.914890770Z
850,2,SI266220200309225433,0,53,2025-06-27T14:34:53.916241613Z
841,9,SI266220200309225433,44,133,2025-06-27T14:34:53.869105841Z
831,15,SI266220200309225433,0,335,2025-06-27T14:34:53.762105761Z
854,6,SI266220200309225433,0,110,2025-06-27T14:34:53.957960954Z
856,8,SI266220200309225433,0,118,2025-06-27T14:34:53.992795449Z
849,1,SI266220200309225433,0,184,2025-06-27T14:34:53.915601200Z
859,11,SI266220200309225433,0,75,2025-06-27T14:34:54.095582593Z
857,9,SI266220200309225433,79,87,2025-06-27T14:34:54.093533688Z
860,12,SI266220200309225433,0,79,2025-06-27T14:34:54.096293602Z
861,13,SI266220200309225433,0,73,2025-06-27T14:34:54.097018043Z
858,10,SI266220200309225433,0,82,2025-06-27T14:34:54.094691125Z
839,7,SI266220200309225433,1246,308,2025-06-27T14:34:53.856344437Z
862,14,SI266220200309225433,0,72,2025-06-27T14:34:54.098060894Z
867,3,SI266220200309225433,7485,28,2025-06-27T14:34:54.158200928Z
864,0,SI266220200309225433,0,70,2025-06-27T14:34:54.099349062Z
866,2,SI266220200309225433,0,36,2025-06-27T14:34:54.154557055Z
869,5,SI266220200309225433,0,80,2025-06-27T14:34:54.161338602Z
870,6,SI266220200309225433,0,75,2025-06-27T14:34:54.163071529Z
868,4,SI266220200309225433,0,78,2025-06-27T14:34:54.159435901Z
865,1,SI266220200309225433,0,124,2025-06-27T14:34:54.099863309Z
876,12,SI266220200309225433,0,41,2025-06-27T14:34:54.225206654Z
877,13,SI266220200309225433,0,37,2025-06-27T14:34:54.228556893Z
847,15,SI266220200309225433,0,309,2025-06-27T14:34:53.914338802Z
855,7,SI266220200309225433,367,343,2025-06-27T14:34:53.959327264Z
872,8,SI266220200309225433,0,44,2025-06-27T14:34:54.220011708Z
878,14,SI266220200309225433,0,35,2025-06-27T14:34:54.230057011Z
875,11,SI266220200309225433,0,41,2025-06-27T14:34:54.224347906Z
880,0,SI266220200309225433,0,12,2025-06-27T14:34:54.297562542Z
874,10,SI266220200309225433,136,44,2025-06-27T14:34:54.222919883Z
873,9,SI266220200309225433,15,85,2025-06-27T14:34:54.221522749Z
882,2,SI266220200309225433,0,58,2025-06-27T14:34:54.298749084Z
884,4,SI266220200309225433,0,61,2025-06-27T14:34:54.299651106Z
883,3,SI266220200309225433,2140,61,2025-06-27T14:34:54.299194425Z
881,1,SI266220200309225433,0,61,2025-06-27T14:34:54.298210329Z
892,12,SI266220200309225433,0,18,2025-06-27T14:34:54.352013678Z
885,5,SI266220200309225433,0,64,2025-06-27T14:34:54.300356308Z
863,15,SI266220200309225433,0,256,2025-06-27T14:34:54.098891244Z
886,6,SI266220200309225433,0,63,2025-06-27T14:34:54.301347404Z
894,14,SI266220200309225433,0,54,2025-06-27T14:34:54.353211067Z
891,11,SI266220200309225433,0,22,2025-06-27T14:34:54.351625726Z
888,8,SI266220200309225433,0,63,2025-06-27T14:34:54.302703211Z
890,10,SI266220200309225433,0,53,2025-06-27T14:34:54.350951286Z
898,2,SI266220200309225433,0,32,2025-06-27T14:34:54.432416397Z
893,13,SI266220200309225433,0,59,2025-06-27T14:34:54.352495312Z
871,7,SI266220200309225433,2464,271,2025-06-27T14:34:54.164793412Z
889,9,SI266220200309225433,123,90,2025-06-27T14:34:54.350088777Z
897,1,SI266220200309225433,0,57,2025-06-27T14:34:54.431678409Z
900,4,SI266220200309225433,0,34,2025-06-27T14:34:54.433486663Z
901,5,SI266220200309225433,0,43,2025-06-27T14:34:54.434234529Z
896,0,SI266220200309225433,0,17,2025-06-27T14:34:54.430865792Z
879,15,SI266220200309225433,0,254,2025-06-27T14:34:54.231249284Z
902,6,SI266220200309225433,0,32,2025-06-27T14:34:54.435183048Z
899,3,SI266220200309225433,1840,34,2025-06-27T14:34:54.432867253Z
904,8,SI266220200309225433,0,62,2025-06-27T14:34:54.436598235Z
906,10,SI266220200309225433,137,59,2025-06-27T14:34:54.485426293Z
908,12,SI266220200309225433,0,56,2025-06-27T14:34:54.487306830Z
907,11,SI266220200309225433,0,60,2025-06-27T14:34:54.486607060Z
909,13,SI266220200309225433,0,59,2025-06-27T14:34:54.487895070Z
905,9,SI266220200309225433,32,63,2025-06-27T14:34:54.483100796Z
916,4,SI266220200309225433,0,32,2025-06-27T14:34:54.537442722Z
910,14,SI266220200309225433,0,56,2025-06-27T14:34:54.488551896Z
917,5,SI266220200309225433,0,34,2025-06-27T14:34:54.537833345Z
887,7,SI266220200309225433,622,238,2025-06-27T14:34:54.302078182Z
918,6,SI266220200309225433,0,55,2025-06-27T14:34:54.538493962Z
912,0,SI266220200309225433,0,78,2025-06-27T14:34:54.489491180Z
915,3,SI266220200309225433,4984,32,2025-06-27T14:34:54.537145806Z
920,8,SI266220200309225433,0,77,2025-06-27T14:34:54.546043998Z
914,2,SI266220200309225433,0,32,2025-06-27T14:34:54.536908595Z
922,10,SI266220200309225433,69,32,2025-06-27T14:34:54.613208749Z
924,12,SI266220200309225433,0,35,2025-06-27T14:34:54.614405236Z
923,11,SI266220200309225433,0,37,2025-06-27T14:34:54.613806160Z
926,14,SI266220200309225433,0,48,2025-06-27T14:34:54.615462845Z
913,1,SI266220200309225433,0,85,2025-06-27T14:34:54.536383741Z
932,4,SI266220200309225433,0,30,2025-06-27T14:34:54.638594861Z
925,13,SI266220200309225433,0,46,2025-06-27T14:34:54.615008303Z
895,15,SI266220200309225433,0,263,2025-06-27T14:34:54.354219686Z
934,6,SI266220200309225433,0,26,2025-06-27T14:34:54.653411987Z
931,3,SI266220200309225433,2143,30,2025-06-27T14:34:54.637997431Z
928,0,SI266220200309225433,0,49,2025-06-27T14:34:54.615956680Z
921,9,SI266220200309225433,8,97,2025-06-27T14:34:54.612311744Z
930,2,SI266220200309225433,0,50,2025-06-27T14:34:54.616577734Z
929,1,SI266220200309225433,0,134,2025-06-27T14:34:54.616207379Z
933,5,SI266220200309225433,0,78,2025-06-27T14:34:54.652429460Z
903,7,SI266220200309225433,471,312,2025-06-27T14:34:54.435924044Z
936,8,SI266220200309225433,0,122,2025-06-27T14:34:54.733186333Z
937,9,SI266220200309225433,44,12,2025-06-27T14:34:54.846442870Z
940,12,SI266220200309225433,0,24,2025-06-27T14:34:54.847585495Z
941,13,SI266220200309225433,0,23,2025-06-27T14:34:54.847853137Z
911,15,SI266220200309225433,0,363,2025-06-27T14:34:54.488970713Z
942,14,SI266220200309225433,0,20,2025-06-27T14:34:54.848092479Z
939,11,SI266220200309225433,0,21,2025-06-27T14:34:54.847175543Z
919,7,SI266220200309225433,2046,370,2025-06-27T14:34:54.539239572Z
938,10,SI266220200309225433,0,20,2025-06-27T14:34:54.846900003Z
944,0,SI266220200309225433,0,16,2025-06-27T14:34:54.848634267Z
946,2,SI266220200309225433,0,36,2025-06-27T14:34:54.905048733Z
947,3,SI266220200309225433,2960,39,2025-06-27T14:34:54.905550421Z
948,4,SI266220200309225433,0,36,2025-06-27T14:34:54.905940098Z
949,5,SI266220200309225433,0,53,2025-06-27T14:34:54.906491808Z
950,6,SI266220200309225433,0,51,2025-06-27T14:34:54.906952116Z
945,1,SI266220200309225433,0,94,2025-06-27T14:34:54.848876788Z
956,12,SI266220200309225433,0,34,2025-06-27T14:34:54.933206580Z
957,13,SI266220200309225433,0,38,2025-06-27T14:34:54.933944870Z
927,15,SI266220200309225433,0,321,2025-06-27T14:34:54.615766149Z
958,14,SI266220200309225433,0,30,2025-06-27T14:34:54.946720648Z
955,11,SI266220200309225433,0,34,2025-06-27T14:34:54.932459717Z
952,8,SI266220200309225433,0,51,2025-06-27T14:34:54.907665798Z
954,10,SI266220200309225433,0,47,2025-06-27T14:34:54.931462128Z
953,9,SI266220200309225433,55,148,2025-06-27T14:34:54.930255671Z
935,7,SI266220200309225433,65,423,2025-06-27T14:34:54.654080029Z
960,0,SI266220200309225433,0,131,2025-06-27T14:34:54.949137034Z
